sample,lane,read,file,condition
20AD07372_S17,L001,R1,../input/180705_NB551088_0005_AHTLH3AFXX/20AD07372/20AD07372_S17_L001_R1_001.fastq.gz,healthy
20AD07372_S17,L001,R2,../input/180705_NB551088_0005_AHTLH3AFXX/20AD07372/20AD07372_S17_L001_R2_001.fastq.gz,healthy
20AD07372_S17,L002,R1,../input/180705_NB551088_0005_AHTLH3AFXX/20AD07372/20AD07372_S17_L002_R1_001.fastq.gz,healthy
20AD07372_S17,L002,R2,../input/180705_NB551088_0005_AHTLH3AFXX/20AD07372/20AD07372_S17_L002_R2_001.fastq.gz,healthy
20AD07372_S17,L003,R1,../input/180705_NB551088_0005_AHTLH3AFXX/20AD07372/20AD07372_S17_L003_R1_001.fastq.gz,healthy
20AD07372_S17,L003,R2,../input/180705_NB551088_0005_AHTLH3AFXX/20AD07372/20AD07372_S17_L003_R2_001.fastq.gz,healthy
20AD07372_S17,L004,R1,../input/180705_NB551088_0005_AHTLH3AFXX/20AD07372/20AD07372_S17_L004_R1_001.fastq.gz,healthy
20AD07372_S17,L004,R2,../input/180705_NB551088_0005_AHTLH3AFXX/20AD07372/20AD07372_S17_L004_R2_001.fastq.gz,healthy
20BN07388_S32,L001,R1,../input/180705_NB551088_0005_AHTLH3AFXX/20BN07388/20BN07388_S32_L001_R1_001.fastq.gz,healthy
20BN07388_S32,L001,R2,../input/180705_NB551088_0005_AHTLH3AFXX/20BN07388/20BN07388_S32_L001_R2_001.fastq.gz,healthy
20BN07388_S32,L002,R1,../input/180705_NB551088_0005_AHTLH3AFXX/20BN07388/20BN07388_S32_L002_R1_001.fastq.gz,healthy
20BN07388_S32,L002,R2,../input/180705_NB551088_0005_AHTLH3AFXX/20BN07388/20BN07388_S32_L002_R2_001.fastq.gz,healthy
20BN07388_S32,L003,R1,../input/180705_NB551088_0005_AHTLH3AFXX/20BN07388/20BN07388_S32_L003_R1_001.fastq.gz,healthy
20BN07388_S32,L003,R2,../input/180705_NB551088_0005_AHTLH3AFXX/20BN07388/20BN07388_S32_L003_R2_001.fastq.gz,healthy
20BN07388_S32,L004,R1,../input/180705_NB551088_0005_AHTLH3AFXX/20BN07388/20BN07388_S32_L004_R1_001.fastq.gz,healthy
20BN07388_S32,L004,R2,../input/180705_NB551088_0005_AHTLH3AFXX/20BN07388/20BN07388_S32_L004_R2_001.fastq.gz,healthy
20BU07392_S35,L001,R1,../input/180705_NB551088_0005_AHTLH3AFXX/20BU07392/20BU07392_S35_L001_R1_001.fastq.gz,healthy
20BU07392_S35,L001,R2,../input/180705_NB551088_0005_AHTLH3AFXX/20BU07392/20BU07392_S35_L001_R2_001.fastq.gz,healthy
20BU07392_S35,L002,R1,../input/180705_NB551088_0005_AHTLH3AFXX/20BU07392/20BU07392_S35_L002_R1_001.fastq.gz,healthy
20BU07392_S35,L002,R2,../input/180705_NB551088_0005_AHTLH3AFXX/20BU07392/20BU07392_S35_L002_R2_001.fastq.gz,healthy
20BU07392_S35,L003,R1,../input/180705_NB551088_0005_AHTLH3AFXX/20BU07392/20BU07392_S35_L003_R1_001.fastq.gz,healthy
20BU07392_S35,L003,R2,../input/180705_NB551088_0005_AHTLH3AFXX/20BU07392/20BU07392_S35_L003_R2_001.fastq.gz,healthy
20BU07392_S35,L004,R1,../input/180705_NB551088_0005_AHTLH3AFXX/20BU07392/20BU07392_S35_L004_R1_001.fastq.gz,healthy
20BU07392_S35,L004,R2,../input/180705_NB551088_0005_AHTLH3AFXX/20BU07392/20BU07392_S35_L004_R2_001.fastq.gz,healthy
20CI07389_S33,L001,R1,../input/180705_NB551088_0005_AHTLH3AFXX/20CI07389/20CI07389_S33_L001_R1_001.fastq.gz,healthy
20CI07389_S33,L001,R2,../input/180705_NB551088_0005_AHTLH3AFXX/20CI07389/20CI07389_S33_L001_R2_001.fastq.gz,healthy
20CI07389_S33,L002,R1,../input/180705_NB551088_0005_AHTLH3AFXX/20CI07389/20CI07389_S33_L002_R1_001.fastq.gz,healthy
20CI07389_S33,L002,R2,../input/180705_NB551088_0005_AHTLH3AFXX/20CI07389/20CI07389_S33_L002_R2_001.fastq.gz,healthy
20CI07389_S33,L003,R1,../input/180705_NB551088_0005_AHTLH3AFXX/20CI07389/20CI07389_S33_L003_R1_001.fastq.gz,healthy
20CI07389_S33,L003,R2,../input/180705_NB551088_0005_AHTLH3AFXX/20CI07389/20CI07389_S33_L003_R2_001.fastq.gz,healthy
20CI07389_S33,L004,R1,../input/180705_NB551088_0005_AHTLH3AFXX/20CI07389/20CI07389_S33_L004_R1_001.fastq.gz,healthy
20CI07389_S33,L004,R2,../input/180705_NB551088_0005_AHTLH3AFXX/20CI07389/20CI07389_S33_L004_R2_001.fastq.gz,healthy
20CU07366_S11,L001,R1,../input/180705_NB551088_0005_AHTLH3AFXX/20CU07366/20CU07366_S11_L001_R1_001.fastq.gz,healthy
20CU07366_S11,L001,R2,../input/180705_NB551088_0005_AHTLH3AFXX/20CU07366/20CU07366_S11_L001_R2_001.fastq.gz,healthy
20CU07366_S11,L002,R1,../input/180705_NB551088_0005_AHTLH3AFXX/20CU07366/20CU07366_S11_L002_R1_001.fastq.gz,healthy
20CU07366_S11,L002,R2,../input/180705_NB551088_0005_AHTLH3AFXX/20CU07366/20CU07366_S11_L002_R2_001.fastq.gz,healthy
20CU07366_S11,L003,R1,../input/180705_NB551088_0005_AHTLH3AFXX/20CU07366/20CU07366_S11_L003_R1_001.fastq.gz,healthy
20CU07366_S11,L003,R2,../input/180705_NB551088_0005_AHTLH3AFXX/20CU07366/20CU07366_S11_L003_R2_001.fastq.gz,healthy
20CU07366_S11,L004,R1,../input/180705_NB551088_0005_AHTLH3AFXX/20CU07366/20CU07366_S11_L004_R1_001.fastq.gz,healthy
20CU07366_S11,L004,R2,../input/180705_NB551088_0005_AHTLH3AFXX/20CU07366/20CU07366_S11_L004_R2_001.fastq.gz,healthy
20CX07364_S9,L001,R1,../input/180705_NB551088_0005_AHTLH3AFXX/20CX07364/20CX07364_S9_L001_R1_001.fastq.gz,healthy
20CX07364_S9,L001,R2,../input/180705_NB551088_0005_AHTLH3AFXX/20CX07364/20CX07364_S9_L001_R2_001.fastq.gz,healthy
20CX07364_S9,L002,R1,../input/180705_NB551088_0005_AHTLH3AFXX/20CX07364/20CX07364_S9_L002_R1_001.fastq.gz,healthy
20CX07364_S9,L002,R2,../input/180705_NB551088_0005_AHTLH3AFXX/20CX07364/20CX07364_S9_L002_R2_001.fastq.gz,healthy
20CX07364_S9,L003,R1,../input/180705_NB551088_0005_AHTLH3AFXX/20CX07364/20CX07364_S9_L003_R1_001.fastq.gz,healthy
20CX07364_S9,L003,R2,../input/180705_NB551088_0005_AHTLH3AFXX/20CX07364/20CX07364_S9_L003_R2_001.fastq.gz,healthy
20CX07364_S9,L004,R1,../input/180705_NB551088_0005_AHTLH3AFXX/20CX07364/20CX07364_S9_L004_R1_001.fastq.gz,healthy
20CX07364_S9,L004,R2,../input/180705_NB551088_0005_AHTLH3AFXX/20CX07364/20CX07364_S9_L004_R2_001.fastq.gz,healthy
20DP07362_S7,L001,R1,../input/180705_NB551088_0005_AHTLH3AFXX/20DP07362/20DP07362_S7_L001_R1_001.fastq.gz,healthy
20DP07362_S7,L001,R2,../input/180705_NB551088_0005_AHTLH3AFXX/20DP07362/20DP07362_S7_L001_R2_001.fastq.gz,healthy
20DP07362_S7,L002,R1,../input/180705_NB551088_0005_AHTLH3AFXX/20DP07362/20DP07362_S7_L002_R1_001.fastq.gz,healthy
20DP07362_S7,L002,R2,../input/180705_NB551088_0005_AHTLH3AFXX/20DP07362/20DP07362_S7_L002_R2_001.fastq.gz,healthy
20DP07362_S7,L003,R1,../input/180705_NB551088_0005_AHTLH3AFXX/20DP07362/20DP07362_S7_L003_R1_001.fastq.gz,healthy
20DP07362_S7,L003,R2,../input/180705_NB551088_0005_AHTLH3AFXX/20DP07362/20DP07362_S7_L003_R2_001.fastq.gz,healthy
20DP07362_S7,L004,R1,../input/180705_NB551088_0005_AHTLH3AFXX/20DP07362/20DP07362_S7_L004_R1_001.fastq.gz,healthy
20DP07362_S7,L004,R2,../input/180705_NB551088_0005_AHTLH3AFXX/20DP07362/20DP07362_S7_L004_R2_001.fastq.gz,healthy
20EI07376_S21,L001,R1,../input/180705_NB551088_0005_AHTLH3AFXX/20EI07376/20EI07376_S21_L001_R1_001.fastq.gz,healthy
20EI07376_S21,L001,R2,../input/180705_NB551088_0005_AHTLH3AFXX/20EI07376/20EI07376_S21_L001_R2_001.fastq.gz,healthy
20EI07376_S21,L002,R1,../input/180705_NB551088_0005_AHTLH3AFXX/20EI07376/20EI07376_S21_L002_R1_001.fastq.gz,healthy
20EI07376_S21,L002,R2,../input/180705_NB551088_0005_AHTLH3AFXX/20EI07376/20EI07376_S21_L002_R2_001.fastq.gz,healthy
20EI07376_S21,L003,R1,../input/180705_NB551088_0005_AHTLH3AFXX/20EI07376/20EI07376_S21_L003_R1_001.fastq.gz,healthy
20EI07376_S21,L003,R2,../input/180705_NB551088_0005_AHTLH3AFXX/20EI07376/20EI07376_S21_L003_R2_001.fastq.gz,healthy
20EI07376_S21,L004,R1,../input/180705_NB551088_0005_AHTLH3AFXX/20EI07376/20EI07376_S21_L004_R1_001.fastq.gz,healthy
20EI07376_S21,L004,R2,../input/180705_NB551088_0005_AHTLH3AFXX/20EI07376/20EI07376_S21_L004_R2_001.fastq.gz,healthy
20ES07236_S48,L001,R1,../input/180705_NB551088_0005_AHTLH3AFXX/20ES07236/20ES07236_S48_L001_R1_001.fastq.gz,healthy
20ES07236_S48,L001,R2,../input/180705_NB551088_0005_AHTLH3AFXX/20ES07236/20ES07236_S48_L001_R2_001.fastq.gz,healthy
20ES07236_S48,L002,R1,../input/180705_NB551088_0005_AHTLH3AFXX/20ES07236/20ES07236_S48_L002_R1_001.fastq.gz,healthy
20ES07236_S48,L002,R2,../input/180705_NB551088_0005_AHTLH3AFXX/20ES07236/20ES07236_S48_L002_R2_001.fastq.gz,healthy
20ES07236_S48,L003,R1,../input/180705_NB551088_0005_AHTLH3AFXX/20ES07236/20ES07236_S48_L003_R1_001.fastq.gz,healthy
20ES07236_S48,L003,R2,../input/180705_NB551088_0005_AHTLH3AFXX/20ES07236/20ES07236_S48_L003_R2_001.fastq.gz,healthy
20ES07236_S48,L004,R1,../input/180705_NB551088_0005_AHTLH3AFXX/20ES07236/20ES07236_S48_L004_R1_001.fastq.gz,healthy
20ES07236_S48,L004,R2,../input/180705_NB551088_0005_AHTLH3AFXX/20ES07236/20ES07236_S48_L004_R2_001.fastq.gz,healthy
20GA07384_S28,L001,R1,../input/180705_NB551088_0005_AHTLH3AFXX/20GA07384/20GA07384_S28_L001_R1_001.fastq.gz,healthy
20GA07384_S28,L001,R2,../input/180705_NB551088_0005_AHTLH3AFXX/20GA07384/20GA07384_S28_L001_R2_001.fastq.gz,healthy
20GA07384_S28,L002,R1,../input/180705_NB551088_0005_AHTLH3AFXX/20GA07384/20GA07384_S28_L002_R1_001.fastq.gz,healthy
20GA07384_S28,L002,R2,../input/180705_NB551088_0005_AHTLH3AFXX/20GA07384/20GA07384_S28_L002_R2_001.fastq.gz,healthy
20GA07384_S28,L003,R1,../input/180705_NB551088_0005_AHTLH3AFXX/20GA07384/20GA07384_S28_L003_R1_001.fastq.gz,healthy
20GA07384_S28,L003,R2,../input/180705_NB551088_0005_AHTLH3AFXX/20GA07384/20GA07384_S28_L003_R2_001.fastq.gz,healthy
20GA07384_S28,L004,R1,../input/180705_NB551088_0005_AHTLH3AFXX/20GA07384/20GA07384_S28_L004_R1_001.fastq.gz,healthy
20GA07384_S28,L004,R2,../input/180705_NB551088_0005_AHTLH3AFXX/20GA07384/20GA07384_S28_L004_R2_001.fastq.gz,healthy
20GJ07386_S30,L001,R1,../input/180705_NB551088_0005_AHTLH3AFXX/20GJ07386/20GJ07386_S30_L001_R1_001.fastq.gz,healthy
20GJ07386_S30,L001,R2,../input/180705_NB551088_0005_AHTLH3AFXX/20GJ07386/20GJ07386_S30_L001_R2_001.fastq.gz,healthy
20GJ07386_S30,L002,R1,../input/180705_NB551088_0005_AHTLH3AFXX/20GJ07386/20GJ07386_S30_L002_R1_001.fastq.gz,healthy
20GJ07386_S30,L002,R2,../input/180705_NB551088_0005_AHTLH3AFXX/20GJ07386/20GJ07386_S30_L002_R2_001.fastq.gz,healthy
20GJ07386_S30,L003,R1,../input/180705_NB551088_0005_AHTLH3AFXX/20GJ07386/20GJ07386_S30_L003_R1_001.fastq.gz,healthy
20GJ07386_S30,L003,R2,../input/180705_NB551088_0005_AHTLH3AFXX/20GJ07386/20GJ07386_S30_L003_R2_001.fastq.gz,healthy
20GJ07386_S30,L004,R1,../input/180705_NB551088_0005_AHTLH3AFXX/20GJ07386/20GJ07386_S30_L004_R1_001.fastq.gz,healthy
20GJ07386_S30,L004,R2,../input/180705_NB551088_0005_AHTLH3AFXX/20GJ07386/20GJ07386_S30_L004_R2_001.fastq.gz,healthy
20HN07369_S14,L001,R1,../input/180705_NB551088_0005_AHTLH3AFXX/20HN07369/20HN07369_S14_L001_R1_001.fastq.gz,healthy
20HN07369_S14,L001,R2,../input/180705_NB551088_0005_AHTLH3AFXX/20HN07369/20HN07369_S14_L001_R2_001.fastq.gz,healthy
20HN07369_S14,L002,R1,../input/180705_NB551088_0005_AHTLH3AFXX/20HN07369/20HN07369_S14_L002_R1_001.fastq.gz,healthy
20HN07369_S14,L002,R2,../input/180705_NB551088_0005_AHTLH3AFXX/20HN07369/20HN07369_S14_L002_R2_001.fastq.gz,healthy
20HN07369_S14,L003,R1,../input/180705_NB551088_0005_AHTLH3AFXX/20HN07369/20HN07369_S14_L003_R1_001.fastq.gz,healthy
20HN07369_S14,L003,R2,../input/180705_NB551088_0005_AHTLH3AFXX/20HN07369/20HN07369_S14_L003_R2_001.fastq.gz,healthy
20HN07369_S14,L004,R1,../input/180705_NB551088_0005_AHTLH3AFXX/20HN07369/20HN07369_S14_L004_R1_001.fastq.gz,healthy
20HN07369_S14,L004,R2,../input/180705_NB551088_0005_AHTLH3AFXX/20HN07369/20HN07369_S14_L004_R2_001.fastq.gz,healthy
20IJ07393_S36,L001,R1,../input/180705_NB551088_0005_AHTLH3AFXX/20IJ07393/20IJ07393_S36_L001_R1_001.fastq.gz,healthy
20IJ07393_S36,L001,R2,../input/180705_NB551088_0005_AHTLH3AFXX/20IJ07393/20IJ07393_S36_L001_R2_001.fastq.gz,healthy
20IJ07393_S36,L002,R1,../input/180705_NB551088_0005_AHTLH3AFXX/20IJ07393/20IJ07393_S36_L002_R1_001.fastq.gz,healthy
20IJ07393_S36,L002,R2,../input/180705_NB551088_0005_AHTLH3AFXX/20IJ07393/20IJ07393_S36_L002_R2_001.fastq.gz,healthy
20IJ07393_S36,L003,R1,../input/180705_NB551088_0005_AHTLH3AFXX/20IJ07393/20IJ07393_S36_L003_R1_001.fastq.gz,healthy
20IJ07393_S36,L003,R2,../input/180705_NB551088_0005_AHTLH3AFXX/20IJ07393/20IJ07393_S36_L003_R2_001.fastq.gz,healthy
20IJ07393_S36,L004,R1,../input/180705_NB551088_0005_AHTLH3AFXX/20IJ07393/20IJ07393_S36_L004_R1_001.fastq.gz,healthy
20IJ07393_S36,L004,R2,../input/180705_NB551088_0005_AHTLH3AFXX/20IJ07393/20IJ07393_S36_L004_R2_001.fastq.gz,healthy
20JA07396_S39,L001,R1,../input/180705_NB551088_0005_AHTLH3AFXX/20JA07396/20JA07396_S39_L001_R1_001.fastq.gz,healthy
20JA07396_S39,L001,R2,../input/180705_NB551088_0005_AHTLH3AFXX/20JA07396/20JA07396_S39_L001_R2_001.fastq.gz,healthy
20JA07396_S39,L002,R1,../input/180705_NB551088_0005_AHTLH3AFXX/20JA07396/20JA07396_S39_L002_R1_001.fastq.gz,healthy
20JA07396_S39,L002,R2,../input/180705_NB551088_0005_AHTLH3AFXX/20JA07396/20JA07396_S39_L002_R2_001.fastq.gz,healthy
20JA07396_S39,L003,R1,../input/180705_NB551088_0005_AHTLH3AFXX/20JA07396/20JA07396_S39_L003_R1_001.fastq.gz,healthy
20JA07396_S39,L003,R2,../input/180705_NB551088_0005_AHTLH3AFXX/20JA07396/20JA07396_S39_L003_R2_001.fastq.gz,healthy
20JA07396_S39,L004,R1,../input/180705_NB551088_0005_AHTLH3AFXX/20JA07396/20JA07396_S39_L004_R1_001.fastq.gz,healthy
20JA07396_S39,L004,R2,../input/180705_NB551088_0005_AHTLH3AFXX/20JA07396/20JA07396_S39_L004_R2_001.fastq.gz,healthy
20JQ07399_S42,L001,R1,../input/180705_NB551088_0005_AHTLH3AFXX/20JQ07399/20JQ07399_S42_L001_R1_001.fastq.gz,healthy
20JQ07399_S42,L001,R2,../input/180705_NB551088_0005_AHTLH3AFXX/20JQ07399/20JQ07399_S42_L001_R2_001.fastq.gz,healthy
20JQ07399_S42,L002,R1,../input/180705_NB551088_0005_AHTLH3AFXX/20JQ07399/20JQ07399_S42_L002_R1_001.fastq.gz,healthy
20JQ07399_S42,L002,R2,../input/180705_NB551088_0005_AHTLH3AFXX/20JQ07399/20JQ07399_S42_L002_R2_001.fastq.gz,healthy
20JQ07399_S42,L003,R1,../input/180705_NB551088_0005_AHTLH3AFXX/20JQ07399/20JQ07399_S42_L003_R1_001.fastq.gz,healthy
20JQ07399_S42,L003,R2,../input/180705_NB551088_0005_AHTLH3AFXX/20JQ07399/20JQ07399_S42_L003_R2_001.fastq.gz,healthy
20JQ07399_S42,L004,R1,../input/180705_NB551088_0005_AHTLH3AFXX/20JQ07399/20JQ07399_S42_L004_R1_001.fastq.gz,healthy
20JQ07399_S42,L004,R2,../input/180705_NB551088_0005_AHTLH3AFXX/20JQ07399/20JQ07399_S42_L004_R2_001.fastq.gz,healthy
20KB07378_S23,L001,R1,../input/180705_NB551088_0005_AHTLH3AFXX/20KB07378/20KB07378_S23_L001_R1_001.fastq.gz,healthy
20KB07378_S23,L001,R2,../input/180705_NB551088_0005_AHTLH3AFXX/20KB07378/20KB07378_S23_L001_R2_001.fastq.gz,healthy
20KB07378_S23,L002,R1,../input/180705_NB551088_0005_AHTLH3AFXX/20KB07378/20KB07378_S23_L002_R1_001.fastq.gz,healthy
20KB07378_S23,L002,R2,../input/180705_NB551088_0005_AHTLH3AFXX/20KB07378/20KB07378_S23_L002_R2_001.fastq.gz,healthy
20KB07378_S23,L003,R1,../input/180705_NB551088_0005_AHTLH3AFXX/20KB07378/20KB07378_S23_L003_R1_001.fastq.gz,healthy
20KB07378_S23,L003,R2,../input/180705_NB551088_0005_AHTLH3AFXX/20KB07378/20KB07378_S23_L003_R2_001.fastq.gz,healthy
20KB07378_S23,L004,R1,../input/180705_NB551088_0005_AHTLH3AFXX/20KB07378/20KB07378_S23_L004_R1_001.fastq.gz,healthy
20KB07378_S23,L004,R2,../input/180705_NB551088_0005_AHTLH3AFXX/20KB07378/20KB07378_S23_L004_R2_001.fastq.gz,healthy
20KN07365_S10,L001,R1,../input/180705_NB551088_0005_AHTLH3AFXX/20KN07365/20KN07365_S10_L001_R1_001.fastq.gz,healthy
20KN07365_S10,L001,R2,../input/180705_NB551088_0005_AHTLH3AFXX/20KN07365/20KN07365_S10_L001_R2_001.fastq.gz,healthy
20KN07365_S10,L002,R1,../input/180705_NB551088_0005_AHTLH3AFXX/20KN07365/20KN07365_S10_L002_R1_001.fastq.gz,healthy
20KN07365_S10,L002,R2,../input/180705_NB551088_0005_AHTLH3AFXX/20KN07365/20KN07365_S10_L002_R2_001.fastq.gz,healthy
20KN07365_S10,L003,R1,../input/180705_NB551088_0005_AHTLH3AFXX/20KN07365/20KN07365_S10_L003_R1_001.fastq.gz,healthy
20KN07365_S10,L003,R2,../input/180705_NB551088_0005_AHTLH3AFXX/20KN07365/20KN07365_S10_L003_R2_001.fastq.gz,healthy
20KN07365_S10,L004,R1,../input/180705_NB551088_0005_AHTLH3AFXX/20KN07365/20KN07365_S10_L004_R1_001.fastq.gz,healthy
20KN07365_S10,L004,R2,../input/180705_NB551088_0005_AHTLH3AFXX/20KN07365/20KN07365_S10_L004_R2_001.fastq.gz,healthy
20LR07381_S25,L001,R1,../input/180705_NB551088_0005_AHTLH3AFXX/20LR07381/20LR07381_S25_L001_R1_001.fastq.gz,healthy
20LR07381_S25,L001,R2,../input/180705_NB551088_0005_AHTLH3AFXX/20LR07381/20LR07381_S25_L001_R2_001.fastq.gz,healthy
20LR07381_S25,L002,R1,../input/180705_NB551088_0005_AHTLH3AFXX/20LR07381/20LR07381_S25_L002_R1_001.fastq.gz,healthy
20LR07381_S25,L002,R2,../input/180705_NB551088_0005_AHTLH3AFXX/20LR07381/20LR07381_S25_L002_R2_001.fastq.gz,healthy
20LR07381_S25,L003,R1,../input/180705_NB551088_0005_AHTLH3AFXX/20LR07381/20LR07381_S25_L003_R1_001.fastq.gz,healthy
20LR07381_S25,L003,R2,../input/180705_NB551088_0005_AHTLH3AFXX/20LR07381/20LR07381_S25_L003_R2_001.fastq.gz,healthy
20LR07381_S25,L004,R1,../input/180705_NB551088_0005_AHTLH3AFXX/20LR07381/20LR07381_S25_L004_R1_001.fastq.gz,healthy
20LR07381_S25,L004,R2,../input/180705_NB551088_0005_AHTLH3AFXX/20LR07381/20LR07381_S25_L004_R2_001.fastq.gz,healthy
20LT06879_S45,L001,R1,../input/180705_NB551088_0005_AHTLH3AFXX/20LT06879/20LT06879_S45_L001_R1_001.fastq.gz,healthy
20LT06879_S45,L001,R2,../input/180705_NB551088_0005_AHTLH3AFXX/20LT06879/20LT06879_S45_L001_R2_001.fastq.gz,healthy
20LT06879_S45,L002,R1,../input/180705_NB551088_0005_AHTLH3AFXX/20LT06879/20LT06879_S45_L002_R1_001.fastq.gz,healthy
20LT06879_S45,L002,R2,../input/180705_NB551088_0005_AHTLH3AFXX/20LT06879/20LT06879_S45_L002_R2_001.fastq.gz,healthy
20LT06879_S45,L003,R1,../input/180705_NB551088_0005_AHTLH3AFXX/20LT06879/20LT06879_S45_L003_R1_001.fastq.gz,healthy
20LT06879_S45,L003,R2,../input/180705_NB551088_0005_AHTLH3AFXX/20LT06879/20LT06879_S45_L003_R2_001.fastq.gz,healthy
20LT06879_S45,L004,R1,../input/180705_NB551088_0005_AHTLH3AFXX/20LT06879/20LT06879_S45_L004_R1_001.fastq.gz,healthy
20LT06879_S45,L004,R2,../input/180705_NB551088_0005_AHTLH3AFXX/20LT06879/20LT06879_S45_L004_R2_001.fastq.gz,healthy
20LU07377_S22,L001,R1,../input/180705_NB551088_0005_AHTLH3AFXX/20LU07377/20LU07377_S22_L001_R1_001.fastq.gz,healthy
20LU07377_S22,L001,R2,../input/180705_NB551088_0005_AHTLH3AFXX/20LU07377/20LU07377_S22_L001_R2_001.fastq.gz,healthy
20LU07377_S22,L002,R1,../input/180705_NB551088_0005_AHTLH3AFXX/20LU07377/20LU07377_S22_L002_R1_001.fastq.gz,healthy
20LU07377_S22,L002,R2,../input/180705_NB551088_0005_AHTLH3AFXX/20LU07377/20LU07377_S22_L002_R2_001.fastq.gz,healthy
20LU07377_S22,L003,R1,../input/180705_NB551088_0005_AHTLH3AFXX/20LU07377/20LU07377_S22_L003_R1_001.fastq.gz,healthy
20LU07377_S22,L003,R2,../input/180705_NB551088_0005_AHTLH3AFXX/20LU07377/20LU07377_S22_L003_R2_001.fastq.gz,healthy
20LU07377_S22,L004,R1,../input/180705_NB551088_0005_AHTLH3AFXX/20LU07377/20LU07377_S22_L004_R1_001.fastq.gz,healthy
20LU07377_S22,L004,R2,../input/180705_NB551088_0005_AHTLH3AFXX/20LU07377/20LU07377_S22_L004_R2_001.fastq.gz,healthy
20MG07383_S27,L001,R1,../input/180705_NB551088_0005_AHTLH3AFXX/20MG07383/20MG07383_S27_L001_R1_001.fastq.gz,healthy
20MG07383_S27,L001,R2,../input/180705_NB551088_0005_AHTLH3AFXX/20MG07383/20MG07383_S27_L001_R2_001.fastq.gz,healthy
20MG07383_S27,L002,R1,../input/180705_NB551088_0005_AHTLH3AFXX/20MG07383/20MG07383_S27_L002_R1_001.fastq.gz,healthy
20MG07383_S27,L002,R2,../input/180705_NB551088_0005_AHTLH3AFXX/20MG07383/20MG07383_S27_L002_R2_001.fastq.gz,healthy
20MG07383_S27,L003,R1,../input/180705_NB551088_0005_AHTLH3AFXX/20MG07383/20MG07383_S27_L003_R1_001.fastq.gz,healthy
20MG07383_S27,L003,R2,../input/180705_NB551088_0005_AHTLH3AFXX/20MG07383/20MG07383_S27_L003_R2_001.fastq.gz,healthy
20MG07383_S27,L004,R1,../input/180705_NB551088_0005_AHTLH3AFXX/20MG07383/20MG07383_S27_L004_R1_001.fastq.gz,healthy
20MG07383_S27,L004,R2,../input/180705_NB551088_0005_AHTLH3AFXX/20MG07383/20MG07383_S27_L004_R2_001.fastq.gz,healthy
20MJ07368_S13,L001,R1,../input/180705_NB551088_0005_AHTLH3AFXX/20MJ07368/20MJ07368_S13_L001_R1_001.fastq.gz,healthy
20MJ07368_S13,L001,R2,../input/180705_NB551088_0005_AHTLH3AFXX/20MJ07368/20MJ07368_S13_L001_R2_001.fastq.gz,healthy
20MJ07368_S13,L002,R1,../input/180705_NB551088_0005_AHTLH3AFXX/20MJ07368/20MJ07368_S13_L002_R1_001.fastq.gz,healthy
20MJ07368_S13,L002,R2,../input/180705_NB551088_0005_AHTLH3AFXX/20MJ07368/20MJ07368_S13_L002_R2_001.fastq.gz,healthy
20MJ07368_S13,L003,R1,../input/180705_NB551088_0005_AHTLH3AFXX/20MJ07368/20MJ07368_S13_L003_R1_001.fastq.gz,healthy
20MJ07368_S13,L003,R2,../input/180705_NB551088_0005_AHTLH3AFXX/20MJ07368/20MJ07368_S13_L003_R2_001.fastq.gz,healthy
20MJ07368_S13,L004,R1,../input/180705_NB551088_0005_AHTLH3AFXX/20MJ07368/20MJ07368_S13_L004_R1_001.fastq.gz,healthy
20MJ07368_S13,L004,R2,../input/180705_NB551088_0005_AHTLH3AFXX/20MJ07368/20MJ07368_S13_L004_R2_001.fastq.gz,healthy
20ML07394_S37,L001,R1,../input/180705_NB551088_0005_AHTLH3AFXX/20ML07394/20ML07394_S37_L001_R1_001.fastq.gz,healthy
20ML07394_S37,L001,R2,../input/180705_NB551088_0005_AHTLH3AFXX/20ML07394/20ML07394_S37_L001_R2_001.fastq.gz,healthy
20ML07394_S37,L002,R1,../input/180705_NB551088_0005_AHTLH3AFXX/20ML07394/20ML07394_S37_L002_R1_001.fastq.gz,healthy
20ML07394_S37,L002,R2,../input/180705_NB551088_0005_AHTLH3AFXX/20ML07394/20ML07394_S37_L002_R2_001.fastq.gz,healthy
20ML07394_S37,L003,R1,../input/180705_NB551088_0005_AHTLH3AFXX/20ML07394/20ML07394_S37_L003_R1_001.fastq.gz,healthy
20ML07394_S37,L003,R2,../input/180705_NB551088_0005_AHTLH3AFXX/20ML07394/20ML07394_S37_L003_R2_001.fastq.gz,healthy
20ML07394_S37,L004,R1,../input/180705_NB551088_0005_AHTLH3AFXX/20ML07394/20ML07394_S37_L004_R1_001.fastq.gz,healthy
20ML07394_S37,L004,R2,../input/180705_NB551088_0005_AHTLH3AFXX/20ML07394/20ML07394_S37_L004_R2_001.fastq.gz,healthy
20MT07358_S4,L001,R1,../input/180705_NB551088_0005_AHTLH3AFXX/20MT07358/20MT07358_S4_L001_R1_001.fastq.gz,healthy
20MT07358_S4,L001,R2,../input/180705_NB551088_0005_AHTLH3AFXX/20MT07358/20MT07358_S4_L001_R2_001.fastq.gz,healthy
20MT07358_S4,L002,R1,../input/180705_NB551088_0005_AHTLH3AFXX/20MT07358/20MT07358_S4_L002_R1_001.fastq.gz,healthy
20MT07358_S4,L002,R2,../input/180705_NB551088_0005_AHTLH3AFXX/20MT07358/20MT07358_S4_L002_R2_001.fastq.gz,healthy
20MT07358_S4,L003,R1,../input/180705_NB551088_0005_AHTLH3AFXX/20MT07358/20MT07358_S4_L003_R1_001.fastq.gz,healthy
20MT07358_S4,L003,R2,../input/180705_NB551088_0005_AHTLH3AFXX/20MT07358/20MT07358_S4_L003_R2_001.fastq.gz,healthy
20MT07358_S4,L004,R1,../input/180705_NB551088_0005_AHTLH3AFXX/20MT07358/20MT07358_S4_L004_R1_001.fastq.gz,healthy
20MT07358_S4,L004,R2,../input/180705_NB551088_0005_AHTLH3AFXX/20MT07358/20MT07358_S4_L004_R2_001.fastq.gz,healthy
20MX07360_S5,L001,R1,../input/180705_NB551088_0005_AHTLH3AFXX/20MX07360/20MX07360_S5_L001_R1_001.fastq.gz,healthy
20MX07360_S5,L001,R2,../input/180705_NB551088_0005_AHTLH3AFXX/20MX07360/20MX07360_S5_L001_R2_001.fastq.gz,healthy
20MX07360_S5,L002,R1,../input/180705_NB551088_0005_AHTLH3AFXX/20MX07360/20MX07360_S5_L002_R1_001.fastq.gz,healthy
20MX07360_S5,L002,R2,../input/180705_NB551088_0005_AHTLH3AFXX/20MX07360/20MX07360_S5_L002_R2_001.fastq.gz,healthy
20MX07360_S5,L003,R1,../input/180705_NB551088_0005_AHTLH3AFXX/20MX07360/20MX07360_S5_L003_R1_001.fastq.gz,healthy
20MX07360_S5,L003,R2,../input/180705_NB551088_0005_AHTLH3AFXX/20MX07360/20MX07360_S5_L003_R2_001.fastq.gz,healthy
20MX07360_S5,L004,R1,../input/180705_NB551088_0005_AHTLH3AFXX/20MX07360/20MX07360_S5_L004_R1_001.fastq.gz,healthy
20MX07360_S5,L004,R2,../input/180705_NB551088_0005_AHTLH3AFXX/20MX07360/20MX07360_S5_L004_R2_001.fastq.gz,healthy
20NI07397_S40,L001,R1,../input/180705_NB551088_0005_AHTLH3AFXX/20NI07397/20NI07397_S40_L001_R1_001.fastq.gz,healthy
20NI07397_S40,L001,R2,../input/180705_NB551088_0005_AHTLH3AFXX/20NI07397/20NI07397_S40_L001_R2_001.fastq.gz,healthy
20NI07397_S40,L002,R1,../input/180705_NB551088_0005_AHTLH3AFXX/20NI07397/20NI07397_S40_L002_R1_001.fastq.gz,healthy
20NI07397_S40,L002,R2,../input/180705_NB551088_0005_AHTLH3AFXX/20NI07397/20NI07397_S40_L002_R2_001.fastq.gz,healthy
20NI07397_S40,L003,R1,../input/180705_NB551088_0005_AHTLH3AFXX/20NI07397/20NI07397_S40_L003_R1_001.fastq.gz,healthy
20NI07397_S40,L003,R2,../input/180705_NB551088_0005_AHTLH3AFXX/20NI07397/20NI07397_S40_L003_R2_001.fastq.gz,healthy
20NI07397_S40,L004,R1,../input/180705_NB551088_0005_AHTLH3AFXX/20NI07397/20NI07397_S40_L004_R1_001.fastq.gz,healthy
20NI07397_S40,L004,R2,../input/180705_NB551088_0005_AHTLH3AFXX/20NI07397/20NI07397_S40_L004_R2_001.fastq.gz,healthy
20OR07387_S31,L001,R1,../input/180705_NB551088_0005_AHTLH3AFXX/20OR07387/20OR07387_S31_L001_R1_001.fastq.gz,healthy
20OR07387_S31,L001,R2,../input/180705_NB551088_0005_AHTLH3AFXX/20OR07387/20OR07387_S31_L001_R2_001.fastq.gz,healthy
20OR07387_S31,L002,R1,../input/180705_NB551088_0005_AHTLH3AFXX/20OR07387/20OR07387_S31_L002_R1_001.fastq.gz,healthy
20OR07387_S31,L002,R2,../input/180705_NB551088_0005_AHTLH3AFXX/20OR07387/20OR07387_S31_L002_R2_001.fastq.gz,healthy
20OR07387_S31,L003,R1,../input/180705_NB551088_0005_AHTLH3AFXX/20OR07387/20OR07387_S31_L003_R1_001.fastq.gz,healthy
20OR07387_S31,L003,R2,../input/180705_NB551088_0005_AHTLH3AFXX/20OR07387/20OR07387_S31_L003_R2_001.fastq.gz,healthy
20OR07387_S31,L004,R1,../input/180705_NB551088_0005_AHTLH3AFXX/20OR07387/20OR07387_S31_L004_R1_001.fastq.gz,healthy
20OR07387_S31,L004,R2,../input/180705_NB551088_0005_AHTLH3AFXX/20OR07387/20OR07387_S31_L004_R2_001.fastq.gz,healthy
20PC07355_S1,L001,R1,../input/180705_NB551088_0005_AHTLH3AFXX/20PC07355/20PC07355_S1_L001_R1_001.fastq.gz,healthy
20PC07355_S1,L001,R2,../input/180705_NB551088_0005_AHTLH3AFXX/20PC07355/20PC07355_S1_L001_R2_001.fastq.gz,healthy
20PC07355_S1,L002,R1,../input/180705_NB551088_0005_AHTLH3AFXX/20PC07355/20PC07355_S1_L002_R1_001.fastq.gz,healthy
20PC07355_S1,L002,R2,../input/180705_NB551088_0005_AHTLH3AFXX/20PC07355/20PC07355_S1_L002_R2_001.fastq.gz,healthy
20PC07355_S1,L003,R1,../input/180705_NB551088_0005_AHTLH3AFXX/20PC07355/20PC07355_S1_L003_R1_001.fastq.gz,healthy
20PC07355_S1,L003,R2,../input/180705_NB551088_0005_AHTLH3AFXX/20PC07355/20PC07355_S1_L003_R2_001.fastq.gz,healthy
20PC07355_S1,L004,R1,../input/180705_NB551088_0005_AHTLH3AFXX/20PC07355/20PC07355_S1_L004_R1_001.fastq.gz,healthy
20PC07355_S1,L004,R2,../input/180705_NB551088_0005_AHTLH3AFXX/20PC07355/20PC07355_S1_L004_R2_001.fastq.gz,healthy
20PO07379_S24,L001,R1,../input/180705_NB551088_0005_AHTLH3AFXX/20PO07379/20PO07379_S24_L001_R1_001.fastq.gz,healthy
20PO07379_S24,L001,R2,../input/180705_NB551088_0005_AHTLH3AFXX/20PO07379/20PO07379_S24_L001_R2_001.fastq.gz,healthy
20PO07379_S24,L002,R1,../input/180705_NB551088_0005_AHTLH3AFXX/20PO07379/20PO07379_S24_L002_R1_001.fastq.gz,healthy
20PO07379_S24,L002,R2,../input/180705_NB551088_0005_AHTLH3AFXX/20PO07379/20PO07379_S24_L002_R2_001.fastq.gz,healthy
20PO07379_S24,L003,R1,../input/180705_NB551088_0005_AHTLH3AFXX/20PO07379/20PO07379_S24_L003_R1_001.fastq.gz,healthy
20PO07379_S24,L003,R2,../input/180705_NB551088_0005_AHTLH3AFXX/20PO07379/20PO07379_S24_L003_R2_001.fastq.gz,healthy
20PO07379_S24,L004,R1,../input/180705_NB551088_0005_AHTLH3AFXX/20PO07379/20PO07379_S24_L004_R1_001.fastq.gz,healthy
20PO07379_S24,L004,R2,../input/180705_NB551088_0005_AHTLH3AFXX/20PO07379/20PO07379_S24_L004_R2_001.fastq.gz,healthy
20PX07375_S20,L001,R1,../input/180705_NB551088_0005_AHTLH3AFXX/20PX07375/20PX07375_S20_L001_R1_001.fastq.gz,healthy
20PX07375_S20,L001,R2,../input/180705_NB551088_0005_AHTLH3AFXX/20PX07375/20PX07375_S20_L001_R2_001.fastq.gz,healthy
20PX07375_S20,L002,R1,../input/180705_NB551088_0005_AHTLH3AFXX/20PX07375/20PX07375_S20_L002_R1_001.fastq.gz,healthy
20PX07375_S20,L002,R2,../input/180705_NB551088_0005_AHTLH3AFXX/20PX07375/20PX07375_S20_L002_R2_001.fastq.gz,healthy
20PX07375_S20,L003,R1,../input/180705_NB551088_0005_AHTLH3AFXX/20PX07375/20PX07375_S20_L003_R1_001.fastq.gz,healthy
20PX07375_S20,L003,R2,../input/180705_NB551088_0005_AHTLH3AFXX/20PX07375/20PX07375_S20_L003_R2_001.fastq.gz,healthy
20PX07375_S20,L004,R1,../input/180705_NB551088_0005_AHTLH3AFXX/20PX07375/20PX07375_S20_L004_R1_001.fastq.gz,healthy
20PX07375_S20,L004,R2,../input/180705_NB551088_0005_AHTLH3AFXX/20PX07375/20PX07375_S20_L004_R2_001.fastq.gz,healthy
20PU07385_S29,L001,R1,../input/180705_NB551088_0005_AHTLH3AFXX/20PU07385/20PU07385_S29_L001_R1_001.fastq.gz,healthy
20PU07385_S29,L001,R2,../input/180705_NB551088_0005_AHTLH3AFXX/20PU07385/20PU07385_S29_L001_R2_001.fastq.gz,healthy
20PU07385_S29,L002,R1,../input/180705_NB551088_0005_AHTLH3AFXX/20PU07385/20PU07385_S29_L002_R1_001.fastq.gz,healthy
20PU07385_S29,L002,R2,../input/180705_NB551088_0005_AHTLH3AFXX/20PU07385/20PU07385_S29_L002_R2_001.fastq.gz,healthy
20PU07385_S29,L003,R1,../input/180705_NB551088_0005_AHTLH3AFXX/20PU07385/20PU07385_S29_L003_R1_001.fastq.gz,healthy
20PU07385_S29,L003,R2,../input/180705_NB551088_0005_AHTLH3AFXX/20PU07385/20PU07385_S29_L003_R2_001.fastq.gz,healthy
20PU07385_S29,L004,R1,../input/180705_NB551088_0005_AHTLH3AFXX/20PU07385/20PU07385_S29_L004_R1_001.fastq.gz,healthy
20PU07385_S29,L004,R2,../input/180705_NB551088_0005_AHTLH3AFXX/20PU07385/20PU07385_S29_L004_R2_001.fastq.gz,healthy
20PW07391_S34,L001,R1,../input/180705_NB551088_0005_AHTLH3AFXX/20PW07391/20PW07391_S34_L001_R1_001.fastq.gz,healthy
20PW07391_S34,L001,R2,../input/180705_NB551088_0005_AHTLH3AFXX/20PW07391/20PW07391_S34_L001_R2_001.fastq.gz,healthy
20PW07391_S34,L002,R1,../input/180705_NB551088_0005_AHTLH3AFXX/20PW07391/20PW07391_S34_L002_R1_001.fastq.gz,healthy
20PW07391_S34,L002,R2,../input/180705_NB551088_0005_AHTLH3AFXX/20PW07391/20PW07391_S34_L002_R2_001.fastq.gz,healthy
20PW07391_S34,L003,R1,../input/180705_NB551088_0005_AHTLH3AFXX/20PW07391/20PW07391_S34_L003_R1_001.fastq.gz,healthy
20PW07391_S34,L003,R2,../input/180705_NB551088_0005_AHTLH3AFXX/20PW07391/20PW07391_S34_L003_R2_001.fastq.gz,healthy
20PW07391_S34,L004,R1,../input/180705_NB551088_0005_AHTLH3AFXX/20PW07391/20PW07391_S34_L004_R1_001.fastq.gz,healthy
20PW07391_S34,L004,R2,../input/180705_NB551088_0005_AHTLH3AFXX/20PW07391/20PW07391_S34_L004_R2_001.fastq.gz,healthy
20QP07363_S8,L001,R1,../input/180705_NB551088_0005_AHTLH3AFXX/20QP07363/20QP07363_S8_L001_R1_001.fastq.gz,healthy
20QP07363_S8,L001,R2,../input/180705_NB551088_0005_AHTLH3AFXX/20QP07363/20QP07363_S8_L001_R2_001.fastq.gz,healthy
20QP07363_S8,L002,R1,../input/180705_NB551088_0005_AHTLH3AFXX/20QP07363/20QP07363_S8_L002_R1_001.fastq.gz,healthy
20QP07363_S8,L002,R2,../input/180705_NB551088_0005_AHTLH3AFXX/20QP07363/20QP07363_S8_L002_R2_001.fastq.gz,healthy
20QP07363_S8,L003,R1,../input/180705_NB551088_0005_AHTLH3AFXX/20QP07363/20QP07363_S8_L003_R1_001.fastq.gz,healthy
20QP07363_S8,L003,R2,../input/180705_NB551088_0005_AHTLH3AFXX/20QP07363/20QP07363_S8_L003_R2_001.fastq.gz,healthy
20QP07363_S8,L004,R1,../input/180705_NB551088_0005_AHTLH3AFXX/20QP07363/20QP07363_S8_L004_R1_001.fastq.gz,healthy
20QP07363_S8,L004,R2,../input/180705_NB551088_0005_AHTLH3AFXX/20QP07363/20QP07363_S8_L004_R2_001.fastq.gz,healthy
20QU07357_S3,L001,R1,../input/180705_NB551088_0005_AHTLH3AFXX/20QU07357/20QU07357_S3_L001_R1_001.fastq.gz,healthy
20QU07357_S3,L001,R2,../input/180705_NB551088_0005_AHTLH3AFXX/20QU07357/20QU07357_S3_L001_R2_001.fastq.gz,healthy
20QU07357_S3,L002,R1,../input/180705_NB551088_0005_AHTLH3AFXX/20QU07357/20QU07357_S3_L002_R1_001.fastq.gz,healthy
20QU07357_S3,L002,R2,../input/180705_NB551088_0005_AHTLH3AFXX/20QU07357/20QU07357_S3_L002_R2_001.fastq.gz,healthy
20QU07357_S3,L003,R1,../input/180705_NB551088_0005_AHTLH3AFXX/20QU07357/20QU07357_S3_L003_R1_001.fastq.gz,healthy
20QU07357_S3,L003,R2,../input/180705_NB551088_0005_AHTLH3AFXX/20QU07357/20QU07357_S3_L003_R2_001.fastq.gz,healthy
20QU07357_S3,L004,R1,../input/180705_NB551088_0005_AHTLH3AFXX/20QU07357/20QU07357_S3_L004_R1_001.fastq.gz,healthy
20QU07357_S3,L004,R2,../input/180705_NB551088_0005_AHTLH3AFXX/20QU07357/20QU07357_S3_L004_R2_001.fastq.gz,healthy
20RC07370_S15,L001,R1,../input/180705_NB551088_0005_AHTLH3AFXX/20RC07370/20RC07370_S15_L001_R1_001.fastq.gz,healthy
20RC07370_S15,L001,R2,../input/180705_NB551088_0005_AHTLH3AFXX/20RC07370/20RC07370_S15_L001_R2_001.fastq.gz,healthy
20RC07370_S15,L002,R1,../input/180705_NB551088_0005_AHTLH3AFXX/20RC07370/20RC07370_S15_L002_R1_001.fastq.gz,healthy
20RC07370_S15,L002,R2,../input/180705_NB551088_0005_AHTLH3AFXX/20RC07370/20RC07370_S15_L002_R2_001.fastq.gz,healthy
20RC07370_S15,L003,R1,../input/180705_NB551088_0005_AHTLH3AFXX/20RC07370/20RC07370_S15_L003_R1_001.fastq.gz,healthy
20RC07370_S15,L003,R2,../input/180705_NB551088_0005_AHTLH3AFXX/20RC07370/20RC07370_S15_L003_R2_001.fastq.gz,healthy
20RC07370_S15,L004,R1,../input/180705_NB551088_0005_AHTLH3AFXX/20RC07370/20RC07370_S15_L004_R1_001.fastq.gz,healthy
20RC07370_S15,L004,R2,../input/180705_NB551088_0005_AHTLH3AFXX/20RC07370/20RC07370_S15_L004_R2_001.fastq.gz,healthy
20RQ07235_S47,L001,R1,../input/180705_NB551088_0005_AHTLH3AFXX/20RQ07235/20RQ07235_S47_L001_R1_001.fastq.gz,healthy
20RQ07235_S47,L001,R2,../input/180705_NB551088_0005_AHTLH3AFXX/20RQ07235/20RQ07235_S47_L001_R2_001.fastq.gz,healthy
20RQ07235_S47,L002,R1,../input/180705_NB551088_0005_AHTLH3AFXX/20RQ07235/20RQ07235_S47_L002_R1_001.fastq.gz,healthy
20RQ07235_S47,L002,R2,../input/180705_NB551088_0005_AHTLH3AFXX/20RQ07235/20RQ07235_S47_L002_R2_001.fastq.gz,healthy
20RQ07235_S47,L003,R1,../input/180705_NB551088_0005_AHTLH3AFXX/20RQ07235/20RQ07235_S47_L003_R1_001.fastq.gz,healthy
20RQ07235_S47,L003,R2,../input/180705_NB551088_0005_AHTLH3AFXX/20RQ07235/20RQ07235_S47_L003_R2_001.fastq.gz,healthy
20RQ07235_S47,L004,R1,../input/180705_NB551088_0005_AHTLH3AFXX/20RQ07235/20RQ07235_S47_L004_R1_001.fastq.gz,healthy
20RQ07235_S47,L004,R2,../input/180705_NB551088_0005_AHTLH3AFXX/20RQ07235/20RQ07235_S47_L004_R2_001.fastq.gz,healthy
20SX07361_S6,L001,R1,../input/180705_NB551088_0005_AHTLH3AFXX/20SX07361/20SX07361_S6_L001_R1_001.fastq.gz,healthy
20SX07361_S6,L001,R2,../input/180705_NB551088_0005_AHTLH3AFXX/20SX07361/20SX07361_S6_L001_R2_001.fastq.gz,healthy
20SX07361_S6,L002,R1,../input/180705_NB551088_0005_AHTLH3AFXX/20SX07361/20SX07361_S6_L002_R1_001.fastq.gz,healthy
20SX07361_S6,L002,R2,../input/180705_NB551088_0005_AHTLH3AFXX/20SX07361/20SX07361_S6_L002_R2_001.fastq.gz,healthy
20SX07361_S6,L003,R1,../input/180705_NB551088_0005_AHTLH3AFXX/20SX07361/20SX07361_S6_L003_R1_001.fastq.gz,healthy
20SX07361_S6,L003,R2,../input/180705_NB551088_0005_AHTLH3AFXX/20SX07361/20SX07361_S6_L003_R2_001.fastq.gz,healthy
20SX07361_S6,L004,R1,../input/180705_NB551088_0005_AHTLH3AFXX/20SX07361/20SX07361_S6_L004_R1_001.fastq.gz,healthy
20SX07361_S6,L004,R2,../input/180705_NB551088_0005_AHTLH3AFXX/20SX07361/20SX07361_S6_L004_R2_001.fastq.gz,healthy
20TJ07398_S41,L001,R1,../input/180705_NB551088_0005_AHTLH3AFXX/20TJ07398/20TJ07398_S41_L001_R1_001.fastq.gz,healthy
20TJ07398_S41,L001,R2,../input/180705_NB551088_0005_AHTLH3AFXX/20TJ07398/20TJ07398_S41_L001_R2_001.fastq.gz,healthy
20TJ07398_S41,L002,R1,../input/180705_NB551088_0005_AHTLH3AFXX/20TJ07398/20TJ07398_S41_L002_R1_001.fastq.gz,healthy
20TJ07398_S41,L002,R2,../input/180705_NB551088_0005_AHTLH3AFXX/20TJ07398/20TJ07398_S41_L002_R2_001.fastq.gz,healthy
20TJ07398_S41,L003,R1,../input/180705_NB551088_0005_AHTLH3AFXX/20TJ07398/20TJ07398_S41_L003_R1_001.fastq.gz,healthy
20TJ07398_S41,L003,R2,../input/180705_NB551088_0005_AHTLH3AFXX/20TJ07398/20TJ07398_S41_L003_R2_001.fastq.gz,healthy
20TJ07398_S41,L004,R1,../input/180705_NB551088_0005_AHTLH3AFXX/20TJ07398/20TJ07398_S41_L004_R1_001.fastq.gz,healthy
20TJ07398_S41,L004,R2,../input/180705_NB551088_0005_AHTLH3AFXX/20TJ07398/20TJ07398_S41_L004_R2_001.fastq.gz,healthy
20TK07395_S38,L001,R1,../input/180705_NB551088_0005_AHTLH3AFXX/20TK07395/20TK07395_S38_L001_R1_001.fastq.gz,healthy
20TK07395_S38,L001,R2,../input/180705_NB551088_0005_AHTLH3AFXX/20TK07395/20TK07395_S38_L001_R2_001.fastq.gz,healthy
20TK07395_S38,L002,R1,../input/180705_NB551088_0005_AHTLH3AFXX/20TK07395/20TK07395_S38_L002_R1_001.fastq.gz,healthy
20TK07395_S38,L002,R2,../input/180705_NB551088_0005_AHTLH3AFXX/20TK07395/20TK07395_S38_L002_R2_001.fastq.gz,healthy
20TK07395_S38,L003,R1,../input/180705_NB551088_0005_AHTLH3AFXX/20TK07395/20TK07395_S38_L003_R1_001.fastq.gz,healthy
20TK07395_S38,L003,R2,../input/180705_NB551088_0005_AHTLH3AFXX/20TK07395/20TK07395_S38_L003_R2_001.fastq.gz,healthy
20TK07395_S38,L004,R1,../input/180705_NB551088_0005_AHTLH3AFXX/20TK07395/20TK07395_S38_L004_R1_001.fastq.gz,healthy
20TK07395_S38,L004,R2,../input/180705_NB551088_0005_AHTLH3AFXX/20TK07395/20TK07395_S38_L004_R2_001.fastq.gz,healthy
20TL07382_S26,L001,R1,../input/180705_NB551088_0005_AHTLH3AFXX/20TL07382/20TL07382_S26_L001_R1_001.fastq.gz,healthy
20TL07382_S26,L001,R2,../input/180705_NB551088_0005_AHTLH3AFXX/20TL07382/20TL07382_S26_L001_R2_001.fastq.gz,healthy
20TL07382_S26,L002,R1,../input/180705_NB551088_0005_AHTLH3AFXX/20TL07382/20TL07382_S26_L002_R1_001.fastq.gz,healthy
20TL07382_S26,L002,R2,../input/180705_NB551088_0005_AHTLH3AFXX/20TL07382/20TL07382_S26_L002_R2_001.fastq.gz,healthy
20TL07382_S26,L003,R1,../input/180705_NB551088_0005_AHTLH3AFXX/20TL07382/20TL07382_S26_L003_R1_001.fastq.gz,healthy
20TL07382_S26,L003,R2,../input/180705_NB551088_0005_AHTLH3AFXX/20TL07382/20TL07382_S26_L003_R2_001.fastq.gz,healthy
20TL07382_S26,L004,R1,../input/180705_NB551088_0005_AHTLH3AFXX/20TL07382/20TL07382_S26_L004_R1_001.fastq.gz,healthy
20TL07382_S26,L004,R2,../input/180705_NB551088_0005_AHTLH3AFXX/20TL07382/20TL07382_S26_L004_R2_001.fastq.gz,healthy
20UQ07374_S19,L001,R1,../input/180705_NB551088_0005_AHTLH3AFXX/20UQ07374/20UQ07374_S19_L001_R1_001.fastq.gz,healthy
20UQ07374_S19,L001,R2,../input/180705_NB551088_0005_AHTLH3AFXX/20UQ07374/20UQ07374_S19_L001_R2_001.fastq.gz,healthy
20UQ07374_S19,L002,R1,../input/180705_NB551088_0005_AHTLH3AFXX/20UQ07374/20UQ07374_S19_L002_R1_001.fastq.gz,healthy
20UQ07374_S19,L002,R2,../input/180705_NB551088_0005_AHTLH3AFXX/20UQ07374/20UQ07374_S19_L002_R2_001.fastq.gz,healthy
20UQ07374_S19,L003,R1,../input/180705_NB551088_0005_AHTLH3AFXX/20UQ07374/20UQ07374_S19_L003_R1_001.fastq.gz,healthy
20UQ07374_S19,L003,R2,../input/180705_NB551088_0005_AHTLH3AFXX/20UQ07374/20UQ07374_S19_L003_R2_001.fastq.gz,healthy
20UQ07374_S19,L004,R1,../input/180705_NB551088_0005_AHTLH3AFXX/20UQ07374/20UQ07374_S19_L004_R1_001.fastq.gz,healthy
20UQ07374_S19,L004,R2,../input/180705_NB551088_0005_AHTLH3AFXX/20UQ07374/20UQ07374_S19_L004_R2_001.fastq.gz,healthy
20VK07367_S12,L001,R1,../input/180705_NB551088_0005_AHTLH3AFXX/20VK07367/20VK07367_S12_L001_R1_001.fastq.gz,healthy
20VK07367_S12,L001,R2,../input/180705_NB551088_0005_AHTLH3AFXX/20VK07367/20VK07367_S12_L001_R2_001.fastq.gz,healthy
20VK07367_S12,L002,R1,../input/180705_NB551088_0005_AHTLH3AFXX/20VK07367/20VK07367_S12_L002_R1_001.fastq.gz,healthy
20VK07367_S12,L002,R2,../input/180705_NB551088_0005_AHTLH3AFXX/20VK07367/20VK07367_S12_L002_R2_001.fastq.gz,healthy
20VK07367_S12,L003,R1,../input/180705_NB551088_0005_AHTLH3AFXX/20VK07367/20VK07367_S12_L003_R1_001.fastq.gz,healthy
20VK07367_S12,L003,R2,../input/180705_NB551088_0005_AHTLH3AFXX/20VK07367/20VK07367_S12_L003_R2_001.fastq.gz,healthy
20VK07367_S12,L004,R1,../input/180705_NB551088_0005_AHTLH3AFXX/20VK07367/20VK07367_S12_L004_R1_001.fastq.gz,healthy
20VK07367_S12,L004,R2,../input/180705_NB551088_0005_AHTLH3AFXX/20VK07367/20VK07367_S12_L004_R2_001.fastq.gz,healthy
20VN07371_S16,L001,R1,../input/180705_NB551088_0005_AHTLH3AFXX/20VN07371/20VN07371_S16_L001_R1_001.fastq.gz,healthy
20VN07371_S16,L001,R2,../input/180705_NB551088_0005_AHTLH3AFXX/20VN07371/20VN07371_S16_L001_R2_001.fastq.gz,healthy
20VN07371_S16,L002,R1,../input/180705_NB551088_0005_AHTLH3AFXX/20VN07371/20VN07371_S16_L002_R1_001.fastq.gz,healthy
20VN07371_S16,L002,R2,../input/180705_NB551088_0005_AHTLH3AFXX/20VN07371/20VN07371_S16_L002_R2_001.fastq.gz,healthy
20VN07371_S16,L003,R1,../input/180705_NB551088_0005_AHTLH3AFXX/20VN07371/20VN07371_S16_L003_R1_001.fastq.gz,healthy
20VN07371_S16,L003,R2,../input/180705_NB551088_0005_AHTLH3AFXX/20VN07371/20VN07371_S16_L003_R2_001.fastq.gz,healthy
20VN07371_S16,L004,R1,../input/180705_NB551088_0005_AHTLH3AFXX/20VN07371/20VN07371_S16_L004_R1_001.fastq.gz,healthy
20VN07371_S16,L004,R2,../input/180705_NB551088_0005_AHTLH3AFXX/20VN07371/20VN07371_S16_L004_R2_001.fastq.gz,healthy
20WA07373_S18,L001,R1,../input/180705_NB551088_0005_AHTLH3AFXX/20WA07373/20WA07373_S18_L001_R1_001.fastq.gz,healthy
20WA07373_S18,L001,R2,../input/180705_NB551088_0005_AHTLH3AFXX/20WA07373/20WA07373_S18_L001_R2_001.fastq.gz,healthy
20WA07373_S18,L002,R1,../input/180705_NB551088_0005_AHTLH3AFXX/20WA07373/20WA07373_S18_L002_R1_001.fastq.gz,healthy
20WA07373_S18,L002,R2,../input/180705_NB551088_0005_AHTLH3AFXX/20WA07373/20WA07373_S18_L002_R2_001.fastq.gz,healthy
20WA07373_S18,L003,R1,../input/180705_NB551088_0005_AHTLH3AFXX/20WA07373/20WA07373_S18_L003_R1_001.fastq.gz,healthy
20WA07373_S18,L003,R2,../input/180705_NB551088_0005_AHTLH3AFXX/20WA07373/20WA07373_S18_L003_R2_001.fastq.gz,healthy
20WA07373_S18,L004,R1,../input/180705_NB551088_0005_AHTLH3AFXX/20WA07373/20WA07373_S18_L004_R1_001.fastq.gz,healthy
20WA07373_S18,L004,R2,../input/180705_NB551088_0005_AHTLH3AFXX/20WA07373/20WA07373_S18_L004_R2_001.fastq.gz,healthy
20WJ07401_S44,L001,R1,../input/180705_NB551088_0005_AHTLH3AFXX/20WJ07401/20WJ07401_S44_L001_R1_001.fastq.gz,healthy
20WJ07401_S44,L001,R2,../input/180705_NB551088_0005_AHTLH3AFXX/20WJ07401/20WJ07401_S44_L001_R2_001.fastq.gz,healthy
20WJ07401_S44,L002,R1,../input/180705_NB551088_0005_AHTLH3AFXX/20WJ07401/20WJ07401_S44_L002_R1_001.fastq.gz,healthy
20WJ07401_S44,L002,R2,../input/180705_NB551088_0005_AHTLH3AFXX/20WJ07401/20WJ07401_S44_L002_R2_001.fastq.gz,healthy
20WJ07401_S44,L003,R1,../input/180705_NB551088_0005_AHTLH3AFXX/20WJ07401/20WJ07401_S44_L003_R1_001.fastq.gz,healthy
20WJ07401_S44,L003,R2,../input/180705_NB551088_0005_AHTLH3AFXX/20WJ07401/20WJ07401_S44_L003_R2_001.fastq.gz,healthy
20WJ07401_S44,L004,R1,../input/180705_NB551088_0005_AHTLH3AFXX/20WJ07401/20WJ07401_S44_L004_R1_001.fastq.gz,healthy
20WJ07401_S44,L004,R2,../input/180705_NB551088_0005_AHTLH3AFXX/20WJ07401/20WJ07401_S44_L004_R2_001.fastq.gz,healthy
20YE07356_S2,L001,R1,../input/180705_NB551088_0005_AHTLH3AFXX/20YE07356/20YE07356_S2_L001_R1_001.fastq.gz,healthy
20YE07356_S2,L001,R2,../input/180705_NB551088_0005_AHTLH3AFXX/20YE07356/20YE07356_S2_L001_R2_001.fastq.gz,healthy
20YE07356_S2,L002,R1,../input/180705_NB551088_0005_AHTLH3AFXX/20YE07356/20YE07356_S2_L002_R1_001.fastq.gz,healthy
20YE07356_S2,L002,R2,../input/180705_NB551088_0005_AHTLH3AFXX/20YE07356/20YE07356_S2_L002_R2_001.fastq.gz,healthy
20YE07356_S2,L003,R1,../input/180705_NB551088_0005_AHTLH3AFXX/20YE07356/20YE07356_S2_L003_R1_001.fastq.gz,healthy
20YE07356_S2,L003,R2,../input/180705_NB551088_0005_AHTLH3AFXX/20YE07356/20YE07356_S2_L003_R2_001.fastq.gz,healthy
20YE07356_S2,L004,R1,../input/180705_NB551088_0005_AHTLH3AFXX/20YE07356/20YE07356_S2_L004_R1_001.fastq.gz,healthy
20YE07356_S2,L004,R2,../input/180705_NB551088_0005_AHTLH3AFXX/20YE07356/20YE07356_S2_L004_R2_001.fastq.gz,healthy
20JO07400_S43,L001,R1,../input/180705_NB551088_0005_AHTLH3AFXX/20JO07400/20JO07400_S43_L001_R1_001.fastq.gz,healthy
20JO07400_S43,L001,R2,../input/180705_NB551088_0005_AHTLH3AFXX/20JO07400/20JO07400_S43_L001_R2_001.fastq.gz,healthy
20JO07400_S43,L002,R1,../input/180705_NB551088_0005_AHTLH3AFXX/20JO07400/20JO07400_S43_L002_R1_001.fastq.gz,healthy
20JO07400_S43,L002,R2,../input/180705_NB551088_0005_AHTLH3AFXX/20JO07400/20JO07400_S43_L002_R2_001.fastq.gz,healthy
20JO07400_S43,L003,R1,../input/180705_NB551088_0005_AHTLH3AFXX/20JO07400/20JO07400_S43_L003_R1_001.fastq.gz,healthy
20JO07400_S43,L003,R2,../input/180705_NB551088_0005_AHTLH3AFXX/20JO07400/20JO07400_S43_L003_R2_001.fastq.gz,healthy
20JO07400_S43,L004,R1,../input/180705_NB551088_0005_AHTLH3AFXX/20JO07400/20JO07400_S43_L004_R1_001.fastq.gz,healthy
20JO07400_S43,L004,R2,../input/180705_NB551088_0005_AHTLH3AFXX/20JO07400/20JO07400_S43_L004_R2_001.fastq.gz,healthy
20OQ07234_S46,L001,R1,../input/180705_NB551088_0005_AHTLH3AFXX/20OQ07234/20OQ07234_S46_L001_R1_001.fastq.gz,healthy
20OQ07234_S46,L001,R2,../input/180705_NB551088_0005_AHTLH3AFXX/20OQ07234/20OQ07234_S46_L001_R2_001.fastq.gz,healthy
20OQ07234_S46,L002,R1,../input/180705_NB551088_0005_AHTLH3AFXX/20OQ07234/20OQ07234_S46_L002_R1_001.fastq.gz,healthy
20OQ07234_S46,L002,R2,../input/180705_NB551088_0005_AHTLH3AFXX/20OQ07234/20OQ07234_S46_L002_R2_001.fastq.gz,healthy
20OQ07234_S46,L003,R1,../input/180705_NB551088_0005_AHTLH3AFXX/20OQ07234/20OQ07234_S46_L003_R1_001.fastq.gz,healthy
20OQ07234_S46,L003,R2,../input/180705_NB551088_0005_AHTLH3AFXX/20OQ07234/20OQ07234_S46_L003_R2_001.fastq.gz,healthy
20OQ07234_S46,L004,R1,../input/180705_NB551088_0005_AHTLH3AFXX/20OQ07234/20OQ07234_S46_L004_R1_001.fastq.gz,healthy
20OQ07234_S46,L004,R2,../input/180705_NB551088_0005_AHTLH3AFXX/20OQ07234/20OQ07234_S46_L004_R2_001.fastq.gz,healthy
